{"01": -1625098.2099999997, "02": -146937.58999999939, "03": 593422.9000000008, "04": 94465.71000000043, "05": 4708.860000003129, "06": 216968.74000000185, "07": 70740.35000000196, "08": 0, "09": 587615.940000002, "10": 192904.75000000047, "11": 315529.37999999896, "12": 592735.3700000003}