{"01": -1625098.2099999997, "02": -193514.92999999924, "03": -1752075.099999999, "04": -420085.74999999907, "05": -627960.1399999985, "06": 1281209.6300000022, "07": -425526.859999998, "08": 0, "09": 584609.690000002, "10": 164475.91000000038, "11": 315529.37999999896, "12": 660180.9300000002}