{"01": -1631557.4199999997, "02": 1761.7400000006892, "03": 460102.25000000093, "04": 104740.43000000063, "05": -3206.4999999967404, "06": 205607.52000000165, "07": 75939.80000000144, "08": 0, "09": 630096.0600000019, "10": 218812.2900000005, "11": 323601.49999999907, "12": 609072.4900000002}