{"01": -1625098.2099999997, "02": -193514.92999999924, "03": -302263.0999999994, "04": -212969.74999999953, "05": -291216.1399999971, "06": 1488325.6300000022, "07": -218410.859999998, "08": 0, "09": 584609.690000002, "10": 164475.91000000038, "11": 315529.37999999896, "12": 592735.3700000003}