{"01": -1630698.4199999997, "02": -52890.54999999935, "03": 610495.3100000005, "04": 131070.38000000082, "05": 17796.830000003334, "06": 226290.8500000015, "07": 97803.13000000152, "08": 0, "09": 655002.390000002, "10": 246799.02000000048, "11": 326863.59999999916, "12": 632112.8200000003}