{"01": 64078.93000000017, "02": -775621.0599999999, "03": 474397.64000000013, "04": 838598.1299999999, "05": -481172.93000000075, "06": 624982.0299999998, "07": -555954.94, "08": 0, "09": -1271415.3600000003, "10": 768663.2999999998, "11": -404745.90999999945, "12": 40774.239999999874}