{"01": 64078.93000000017, "02": -774425.76, "03": 534989.1400000001, "04": 940822.0699999998, "05": -481172.93000000075, "06": 624982.0299999998, "07": -643602.45, "08": 0, "09": -1271415.3600000003, "10": 768663.2999999998, "11": -404745.90999999945, "12": 40774.239999999874}