{"01": 0, "02": 0, "03": 0, "04": 0, "05": 0, "06": 0, "07": 0, "08": 0, "09": -482797.5700000002, "10": -1033357.4199999998, "11": 0, "12": 0}