{"01": 64078.93000000017, "02": 207129.99, "03": -2310455.3600000003, "04": 745729.1299999999, "05": -574041.9300000007, "06": 532113.0299999998, "07": 1419838.06, "08": 0, "09": -1271415.3600000003, "10": 768663.2999999998, "11": -404745.90999999945, "12": 40774.239999999874}