{"01": 64078.93000000017, "02": -775621.0599999999, "03": -561624.3600000003, "04": 745729.1299999999, "05": -574041.9300000007, "06": 532113.0299999998, "07": -648823.9399999998, "08": 0, "09": -1271415.3600000003, "10": 768663.2999999998, "11": -404745.90999999945, "12": 40774.239999999874}