{"01": 64078.929999999935, "02": -774425.7599999999, "03": 534989.1400000001, "04": 1339401.94, "05": -476652.82000000076, "06": 624982.0299999998, "07": -444142.3699999999, "08": 0, "09": -1271415.3600000003, "10": 768663.2999999998, "11": -404745.90999999945, "12": 40774.239999999874}