{"01": 0, "02": 0, "03": 0, "04": 0, "05": 0, "06": 0, "07": -87921.09999999998, "08": 93548.77999999985, "09": 0, "10": 0, "11": 0, "12": 0}