{"01": 0, "02": 0, "03": 0, "04": 0, "05": 0, "06": 0, "07": -87921.09999999986, "08": 93548.77999999991, "09": -164088.20000000007, "10": 0, "11": 0, "12": 0}