{"01": 0, "02": 0, "03": 0, "04": 0, "05": 0, "06": 0, "07": -100545.09999999986, "08": -32911.169999999984, "09": 0, "10": 0, "11": 0, "12": 0}