{"01": 0, "02": 0, "03": 0, "04": 0, "05": 0, "06": 0, "07": -50446.81999999983, "08": 93548.77999999991, "09": -25916.10000000021, "10": 0, "11": 0, "12": 0}