{"01": 0, "02": 0, "03": 0, "04": 0, "05": 0, "06": 0, "07": -287805.69000000006, "08": -777651.6800000002, "09": 0, "10": 0, "11": 0, "12": 0}