{"01": 0, "02": 0, "03": 0, "04": 0, "05": 0, "06": 0, "07": 464100.68000000005, "08": 164277.6300000006, "09": -359435.20999999996, "10": 0, "11": 0, "12": 0}