{"01": 0, "02": 0, "03": 0, "04": 0, "05": 0, "06": 0, "07": -287216.55000000005, "08": 898840.7800000005, "09": 0, "10": 0, "11": 0, "12": 0}