{"01": 0, "02": 0, "03": 0, "04": 0, "05": 0, "06": 0, "07": 464100.68000000005, "08": 164277.63000000035, "09": 0, "10": 0, "11": 0, "12": 0}